Top queries,Clicks,Impressions,CTR,Position
benchmark automation,1018,2385,42.68%,6.22
benchmark promach,103,433,23.79%,2.14
benchmark packaging,39,1618,2.41%,5.63
benchmark automation llc,28,57,49.12%,1.93
mbloader,14,1003,1.4%,7.4
benchmark parts canada,12,461,2.6%,7.5
benchmark parts canada catalogue,11,637,1.73%,8.09
flipping conveyor,10,624,1.6%,4.01
benchmark parts,9,1220,0.74%,7.98
benchmark lawn mower parts,9,1160,0.78%,9.15
collating conveyor,9,860,1.05%,3.33
collator conveyor,9,764,1.18%,3.19
product flipping conveyor,9,553,1.63%,3.96
benchmark statham ga,7,54,12.96%,2.06
product turner,6,868,0.69%,3.69
benchmark equipment,5,1100,0.45%,9.09
inverting conveyor,5,727,0.69%,2.02
benchmark lawn mower parts canada,5,163,3.07%,8.18
food products machinery,5,47,10.64%,15.26
chicaning conveyor,4,1041,0.38%,10.52
tray loader machine,4,918,0.44%,7.63
strip feeder,4,364,1.1%,7.39
box flipping conveyor,4,335,1.19%,12.28
promach benchmark,4,38,10.53%,25.16
laning conveyor,3,2134,0.14%,9.12
product conveying,3,1176,0.26%,7.61
automatic infeed,3,786,0.38%,4.19
activated roller belt,3,534,0.56%,9.46
tray unloader,3,509,0.59%,8.95
benchmark athens,3,123,2.44%,9.71
benchmark lawn mower parts diagram,3,110,2.73%,9.34
chicane conveyor,3,81,3.7%,14.48
andrew entrikin,3,37,8.11%,7.7
automatic tray loader,2,4345,0.05%,11.33
table top chain conveyor,2,3724,0.05%,15.33
trayloader,2,2530,0.08%,17.31
cookie packaging machine,2,2521,0.08%,15.34
product orienter,2,916,0.22%,9.34
starwheel,2,383,0.52%,30.14
benchmark machine,2,281,0.71%,7.89
shuttle feeder,2,249,0.8%,7.79
eric cruse,2,240,0.83%,1.36
cookies packing machine,2,225,0.89%,51.8
benchmark machines,2,224,0.89%,5.73
counter stacker machine,2,207,0.97%,5.21
disc feeder,2,203,0.99%,12.13
case packing table,2,194,1.03%,6.84
cracker loading,2,78,2.56%,8.68
tray loading,1,3225,0.03%,4.85
roller belt conveyor,1,2733,0.04%,42.25
tray loader,1,2638,0.04%,14.69
cracker packaging,1,1313,0.08%,16.77
slug conveyor,1,1230,0.08%,8.69
counter stacker,1,1156,0.09%,7.43
product stacker,1,1022,0.1%,8.58
chicaning conveyors,1,989,0.1%,10.25
collating conveyors,1,941,0.11%,2.47
promach,1,892,0.11%,12.46
tray loader system,1,886,0.11%,8.07
benchmark,1,878,0.11%,21.07
tray loading machines,1,764,0.13%,5.91
slug loading,1,728,0.14%,3.53
tray loaders,1,690,0.14%,7.72
star wheel conveyor,1,683,0.15%,3.89
product orientation conveyor,1,631,0.16%,7.98
slug loaders,1,624,0.16%,3.01
roller belt,1,494,0.2%,51.08
single stacker,1,429,0.23%,17.72
star wheel,1,396,0.25%,34.06
benchmark distribution,1,378,0.26%,7.11
cookie packaging line,1,353,0.28%,4.82
slug machine,1,288,0.35%,11.9
collator machine,1,265,0.38%,53.28
how does activated roller belt work,1,262,0.38%,17.54
table top conveyor belt,1,224,0.45%,36.87
star wheel machine,1,223,0.45%,5.97
benchmark replacement parts,1,215,0.47%,6.95
automatic cookie machine,1,212,0.47%,36.43
product stacking,1,207,0.48%,22.57
eric quiles,1,167,0.6%,3.66
food service automation,1,165,0.61%,14.65
benchmark pressure washer parts,1,154,0.65%,9.9
star wheel feeder,1,141,0.71%,1.51
vibratory table conveyor,1,129,0.78%,9.84
benchmark parts canada catalogue pdf download,1,124,0.81%,10.52
benchmark lawnmower parts,1,117,0.85%,9.15
infeed star wheel,1,115,0.87%,1.99
servo driven conveyor,1,101,0.99%,23.25
mattop chain,1,93,1.08%,24.46
ferlo,1,90,1.11%,5.34
food distribution conveyor,1,84,1.19%,6.39
cookie stacker,1,83,1.2%,7.9
diverging conveyor,1,72,1.39%,14.99
cracker slug loading,1,64,1.56%,7.92
strip feeder mechanism,1,56,1.79%,6.75
benchmark usa inc,1,52,1.92%,23.21
benchmark replacement parts canada,1,49,2.04%,8.59
starwheel machine,1,48,2.08%,6.29
servo conveyor,1,46,2.17%,34.39
food manufacturing equipment companies,1,36,2.78%,29.86
food packaging equipment company,1,33,3.03%,77.03
phone number for benchmark,1,27,3.7%,16.93
cracker industry,1,21,4.76%,14.14
intralox distributors,1,11,9.09%,30.36
benchmark automation promach,1,9,11.11%,2.67
benchmark kit,1,6,16.67%,76.83
benchmark mower,1,2,50%,8.5
food machinery,1,2,50%,43.5
benchmark automation systems,1,1,100%,1
food sorting machines,1,1,100%,1
conveyor rollers,1,1,100%,2
beverage processing equipment manufacturers,1,1,100%,79
vibratory conveyor,0,4480,0%,58.23
benchmark brand,0,4145,0%,52.14
packaging conveyor systems,0,4097,0%,30.37
mat chain,0,3947,0%,10.88
packing conveyor,0,3580,0%,21.09
conveyor automation,0,3407,0%,68.61
benchmark branding,0,3235,0%,69
table top conveyor,0,3191,0%,28.83
food packaging conveyor,0,3049,0%,22.98
packaging conveyor,0,2891,0%,46.91
stacking machine,0,2630,0%,38.53
food automation,0,2591,0%,37.46
food packaging automation,0,2480,0%,27.05
vibratory belt conveyor,0,2442,0%,47.36
belt conveyor systems,0,2421,0%,70.56
table top conveyors,0,2211,0%,36.52
activated roller belt sorter market,0,2159,0%,15.36
tray conveyor lanes,0,2133,0%,11.21
product conveyor,0,2014,0%,56.81
loading trays automaticly,0,2000,0%,30.32
food packaging equipment,0,1941,0%,30.15
packaging conveyors,0,1901,0%,30.52
food conveyor system,0,1873,0%,75.1
trayloader trays,0,1785,0%,11.03
vibrating conveyor,0,1712,0%,72.62
trayloading,0,1699,0%,9.34
packing tables,0,1657,0%,49.24
trayunloader trays,0,1607,0%,22.57
table top conveyor systems,0,1592,0%,30.79
mat top conveyor,0,1586,0%,20.11
automatic machinery,0,1585,0%,46.84
vibrating conveyors,0,1479,0%,79.59
benchmark sales,0,1466,0%,23.19
trayunloader,0,1432,0%,19.01
package conveyor,0,1420,0%,56.29
tray loading systems,0,1403,0%,12.91
automation conveyor,0,1400,0%,83.15
conveying systems,0,1372,0%,61.21
food processing automation companies,0,1345,0%,58.74
food processing equipment manufacturers,0,1328,0%,40.7
automatic tray stacker,0,1327,0%,55.05
merging conveyors,0,1314,0%,54.03
packaging automation equipment,0,1299,0%,61.21
automatic stacking machine,0,1285,0%,33.13
product turning conveyor,0,1279,0%,16.4
vibratory conveyors,0,1183,0%,59.44
tray handling equipment,0,1179,0%,33.04
infeed conveyor,0,1174,0%,62.72
tray loading system,0,1172,0%,7.58
belt conveyors,0,1166,0%,93.7
automatic product distribution system,0,1153,0%,20
custom automatic infeeds,0,1142,0%,3.29
wrapper feeder,0,1133,0%,17.12
infeeds,0,1113,0%,18.23
mat top,0,1107,0%,7.35
infeed system,0,1079,0%,32.62
collation conveyor,0,1059,0%,4.47
automatic cartoner,0,1042,0%,54.5
benchmarking solutions,0,1032,0%,58.18
cartoner infeeds,0,1021,0%,3.46
merging conveyor,0,1018,0%,63.99
automatic cartoners,0,1015,0%,67.32
automated food packaging equipment,0,1004,0%,42.39
conveyor vibration system,0,979,0%,44.97
benchmark systems,0,975,0%,23.01
food conveyors,0,973,0%,77.68
tray loading machine,0,966,0%,5.83
mat top conveyors,0,966,0%,15.58
food machinery manufacturers,0,966,0%,24.66
belt conveyor,0,956,0%,85.19
packing table,0,950,0%,48.9
auto conveyor systems,0,946,0%,81.2
automatic cartoner infeeds,0,943,0%,4.11
turning conveyor,0,941,0%,32.91
multilane feeding system,0,932,0%,9.84
arb conveyors,0,926,0%,38.8
cunveyorlanes for trays,0,923,0%,7.72
product conveyors,0,921,0%,65.45
trayloading machine,0,918,0%,5.04
cookie wrapping machine,0,906,0%,29.37
conveyor tables,0,887,0%,68
automatic carton infeed,0,884,0%,3.41
cheese conveying,0,870,0%,10.28
automation in food packaging,0,870,0%,33.08
flat top chain conveyor,0,868,0%,64.37
mattop conveyor,0,845,0%,28.66
automated loaders,0,842,0%,38.98
collators,0,841,0%,73.52
cartoner feeder,0,837,0%,7.35
brand benchmark,0,830,0%,85.63
automated food packaging,0,824,0%,22.76
high speed feeding systems,0,824,0%,65.14
conveyor merging systems,0,820,0%,61.88
benchmark wholesale,0,817,0%,26
stacker system,0,815,0%,43.34
benchmark logo,0,796,0%,5.63
vibrating conveyor belt,0,796,0%,58.34
benchmark solutions,0,793,0%,36.26
automatic stacking,0,785,0%,22.05
 - packaging conveyor,0,780,0%,52.75
in line stacker device,0,771,0%,3.37
orienting devices,0,764,0%,7.55
vibrating conveyor systems,0,762,0%,58.21
automated conveying systems,0,758,0%,69.18
automatic traystacker,0,757,0%,56.63
automated food packaging machine,0,748,0%,52.54
collator,0,748,0%,67.88
automatic infeed system,0,747,0%,3.55
benchmark usa countertop machine,0,744,0%,43.69
inverted conveyor,0,742,0%,5.32
automation packaging,0,739,0%,64.63
equipment automation,0,733,0%,67.23
automated loader,0,732,0%,63.76
packaging systems crackers,0,730,0%,6.47
automatic tray pushing,0,730,0%,51.54
automatic lane combiner,0,722,0%,8.16
food conveyor systems,0,721,0%,68.67
product automation,0,706,0%,43.82
infeed,0,706,0%,46.86
belt conveyor system,0,705,0%,54.2
product diverging,0,702,0%,14.24
sanitary infeed conveyors,0,700,0%,39.37
retort shuttle,0,700,0%,51.24
automated stacking system,0,698,0%,22.45
cartoner feeding,0,694,0%,4.63
food distribution automation,0,692,0%,46.69
product orienting equipment,0,683,0%,5.43
automated stacker,0,680,0%,66.26
belt conveyor solutions,0,680,0%,75.81
conveyor loading systems,0,675,0%,31.26
wire mesh conveyors,0,675,0%,67.95
pack off table,0,672,0%,70.28
automation conveyors,0,671,0%,76.49
packaging equipment systems,0,669,0%,76.05
automatic loader,0,663,0%,45.05
conveyor for packaging,0,661,0%,42.66
in line stacker,0,658,0%,3.76
infeed slug loader,0,657,0%,4.45
lane diverting conveyor,0,649,0%,62.83
card feeder machine,0,643,0%,37.97
wrapper infeed,0,641,0%,29.08
benchmark brands,0,641,0%,40.96
retort conveyor,0,640,0%,58.06
flip conveyor,0,633,0%,22.79
table top conveyor chain,0,632,0%,29.38
table top chain,0,631,0%,34.64
benchmark trade solutions,0,629,0%,26.31
channeling boards,0,626,0%,2.54
collation conveyors,0,626,0%,3.59
packing table conveyor,0,625,0%,5.15
baked goods conveyors,0,619,0%,21.29
packing systems cracker,0,618,0%,4.7
food loading equipment,0,611,0%,14.52
multi-lane slug loader,0,607,0%,4.02
packaging machinery solutions,0,607,0%,69.29
packaging application conveyor,0,606,0%,9.38
benchmark products,0,605,0%,53.7
conveying equipment,0,605,0%,71.4
benchmark industries,0,603,0%,19
90 degree rotation conveyor,0,602,0%,60.29
packaging distribution system,0,601,0%,24.08
machine conveyor systems,0,600,0%,56.32
retort automation,0,598,0%,68.6
packaging automation solutions,0,598,0%,81.64
package conveyor systems,0,597,0%,69.68
disk feeders,0,596,0%,5.89
arb conveyor,0,595,0%,28.44
stacking machinery,0,594,0%,55.99
tabletop conveyors,0,593,0%,49.05
belt merger,0,590,0%,30.44
benchmark factory,0,588,0%,27.1
loading trays,0,587,0%,65.44
diverger,0,583,0%,9.23
bakery conveyors,0,574,0%,69.61
activated roller belt conveyor,0,571,0%,16.81
case packing tables,0,570,0%,6.83
product orientation machines,0,569,0%,4.07
baked product conveyor,0,568,0%,21.56
multi lane conveyor,0,562,0%,55.9
food packaging conveyors,0,556,0%,19.54
automated conveyor,0,554,0%,73.82
cracker packaging machines,0,553,0%,4.74
packing table conveyors,0,550,0%,7.81
packaging table,0,550,0%,67.87
bakery loading equipment,0,543,0%,34.01
laning table,0,538,0%,2.27
packing conveyors,0,535,0%,65.64
benchmark instruments,0,530,0%,60.68
packaging tables,0,528,0%,55.61
automation benchmarking,0,526,0%,26.08
tabletop chain conveyor,0,525,0%,34.78
product laning,0,522,0%,4.84
food packaging automation equipment,0,522,0%,12.46
non-contact loading,0,522,0%,20.89
automatic orienting equipment,0,519,0%,5.17
product merging conveyor,0,519,0%,23.5
packaging machinery manufacturers,0,516,0%,29.09
product feeder equipment,0,510,0%,29.25
distribution conveyor,0,508,0%,46.06
stacking machines,0,506,0%,45.3
automatic loading equipment,0,502,0%,26.59
automatic tray,0,502,0%,36.31
benchmark tools,0,499,0%,45.66
table top chain conveyors,0,497,0%,14.34
automation and information packaging solutions,0,496,0%,70.46
conveyor automation systems,0,494,0%,38.69
intralox conveyor belt,0,492,0%,58.51
mechanical feeders,0,491,0%,59.66
product stacking machine,0,488,0%,15
product stacking equipment,0,486,0%,14.66
conveying systems for baked snacks,0,486,0%,23.2
vibrating conveyor system,0,485,0%,64.51
food processing conveyor equipment,0,483,0%,84.43
packaging systems cookies,0,481,0%,9.95
orienting machines,0,475,0%,7.87
packaging automation systems,0,473,0%,85.2
feed automation,0,473,0%,91.16
benchmark manufacturing,0,469,0%,16.59
mat top conveyor belt,0,468,0%,32.41
trayloader crates,0,467,0%,30.17
servo shuttle conveyors,0,467,0%,37.23
industrial packing table,0,467,0%,54.5
transfer feeder,0,467,0%,60.18
board pack benchmarking,0,463,0%,65.89
conveyor lane,0,458,0%,45.07
pharmaceutical conveyors,0,458,0%,93
tabletop chain,0,457,0%,40.97
multiple lane conveyor,0,456,0%,43.05
food packaging line,0,456,0%,54.3
automation conveyor systems,0,456,0%,72.04
mb loader,0,454,0%,10.85
benchmark usa,0,454,0%,32.74
trayloader pallets,0,453,0%,14.15
automated biscuit packaging solutions,0,453,0%,23.76
conveyor solution,0,450,0%,87.25
reversible conveyor,0,449,0%,63.01
packaging line automation,0,444,0%,87.4
automatic stacker,0,438,0%,25.95
product feeder conveyor,0,437,0%,8.62
rotation device,0,436,0%,13.56
servo shuttle conveyor,0,436,0%,52.04
infeed technology,0,434,0%,11.93
shaker conveyor belt,0,432,0%,28.94
conveyor automation systems manufacturer,0,428,0%,68.33
conveying systems for bakeries,0,427,0%,66.48
conveyor vibrators,0,427,0%,76.72
automated stacking,0,425,0%,24.58
food packaging equipment manufacturer,0,423,0%,60.19
automated end of line systems for wineries,0,421,0%,23.28
high speed feeders,0,421,0%,64.69
distribution packaging equipment,0,419,0%,37.21
collating machine,0,419,0%,59.24
tray loading efficiency,0,417,0%,19.75
twisting conveyor,0,417,0%,55.46
automatic packaging solutions,0,417,0%,81.83
mattop,0,412,0%,24.87
conveyor packaging systems,0,406,0%,34.43
benchmark industrial,0,401,0%,49.08
food packaging equipment systems,0,400,0%,39.14
bar automation solutions,0,400,0%,66.38
inverted overway conveyor,0,396,0%,12.32
case turner conveyor,0,394,0%,58.06
lane diverting conveyors,0,394,0%,59.15
benchmark careers,0,388,0%,36.47
automated conveyors,0,388,0%,61.48
bottle orienting equipment,0,388,0%,66.84
ac cart,0,386,0%,18.94
automated retorts,0,385,0%,64.79
high speed conveyor,0,382,0%,25.09
benchmark ac,0,381,0%,19.26
infeed transition system,0,381,0%,23.96
table top chain conveyor design,0,378,0%,4.37
high speed feeder loader,0,378,0%,12.47
food conveying,0,376,0%,76.03
packaging equipment solutions,0,369,0%,76.5
food processing automation equipment,0,368,0%,27.83
custom tray loader,0,365,0%,8.79
automatic product inversion,0,363,0%,3.07
stainless steel table top conveyor,0,363,0%,34.25
tabletop conveyor,0,363,0%,46.37
food automation equipment,0,362,0%,10.31
high speed diverting,0,359,0%,50.78
cookie manufacturing equipment,0,359,0%,68.48
food conveyor machine,0,358,0%,27.33
automated retort room,0,358,0%,57.88
tray conveyors,0,357,0%,67.48
food loading systems,0,356,0%,9.67
merge conveyors,0,355,0%,73.35
loading systems distributors,0,355,0%,75.12
product conveying system,0,354,0%,18.31
custom shuttle systems,0,353,0%,31.16
sanitary infeed conveyor,0,352,0%,65.95
vibratory laning system,0,350,0%,15.24
wire mesh conveyor,0,350,0%,64.19
automatic loading conveyor,0,350,0%,67.73
bartelt hffs,0,349,0%,41.54
divergers,0,348,0%,29.04
food distribution systems,0,348,0%,39.69
top chain conveyor,0,347,0%,9.2
bakery automation systems,0,347,0%,68.54
tray stacking machine,0,346,0%,33.24
high-speed tray systems,0,346,0%,37.14
activated roller belt conveyors,0,340,0%,15.25
custom feeders for production lines,0,340,0%,36.62
food packaging line solutions,0,339,0%,11.53
packaging equipment manufacturers,0,337,0%,29.82
conveying systems for biscuits,0,330,0%,45.22
conveyor automation staffing solutions,0,330,0%,55.68
automation trays,0,329,0%,74.11
automated loading conveyor,0,328,0%,47.14
conveyor food,0,328,0%,73.23
conveyor solutions,0,328,0%,86.4
infeed conveyors,0,327,0%,61.05
automated retort,0,327,0%,71.56
large tray loader,0,326,0%,7.41
automatic tray unloader,0,325,0%,4.5
cookies automatic rolling box,0,324,0%,26.87
food packaging production line,0,322,0%,51.26
sandwich conveyors,0,322,0%,85.8
produce packaging machine,0,318,0%,80.33
loading tray,0,317,0%,13.41
automatic carton loader,0,317,0%,22.31
tab chain conveyor,0,317,0%,48.77
shaker conveyor,0,317,0%,52.3
automation packaging solutions,0,316,0%,77.33
benchmark food,0,315,0%,9.41
activated roller belt equipment,0,315,0%,17.09
bartelt machine parts,0,315,0%,40.57
food manufacturing automation,0,315,0%,79.46
pan loading conveyor,0,311,0%,27.66
benchmark jobs,0,311,0%,34.41
bagging table,0,310,0%,41.59
rotate product,0,307,0%,27.73
retort solutions,0,307,0%,67.83
food product conveying machine,0,305,0%,7.64
conveyors table top,0,305,0%,34.68
conveyor table,0,305,0%,97.1
loaders for conveying,0,301,0%,63.66
automated ingredient handling,0,301,0%,65.7
shuttle feeding systems,0,300,0%,6.71
ood handling and medical packaging conveyors,0,300,0%,49.28
inline feeders,0,300,0%,80
pan loading conveyors,0,299,0%,29.51
oem tray loader,0,298,0%,31.07
food product benchmarking,0,297,0%,67.26
product feeders,0,296,0%,21.32
stainless steel table top conveyors,0,296,0%,49.81
pneumatic belt tracking system,0,295,0%,66.62
vial tray loader,0,295,0%,80.3
custom robotic feeder,0,293,0%,21.38
90 degree case turner conveyor,0,291,0%,38.53
shrink wrapping bakery,0,290,0%,69.9
automatic handling and packaging lines,0,290,0%,70.57
conveyor machinery,0,289,0%,46.41
benchmark event,0,288,0%,85.9
spreader conveyors,0,287,0%,70.47
single filing conveyor,0,287,0%,71
packaging benchmarking,0,286,0%,29.4
tray automation systems,0,286,0%,45.32
packaged devices distribution,0,285,0%,45.45
multi-lane equipment,0,284,0%,64.67
vibratory conveyor design,0,284,0%,79.04
vibratory conveyor for cheese,0,283,0%,47.25
backlogged product loading,0,283,0%,67.39
grocery distribution automation,0,283,0%,80.84
large tray unloader,0,282,0%,11.02
in-line pouching,0,282,0%,55.66
package conveyor company,0,281,0%,74.04
mat top belt,0,280,0%,35.86
product handling conveyor,0,280,0%,42.91
bartelt parts,0,280,0%,54.17
automated belt conveyor,0,280,0%,84.45
conveyor belt machine,0,279,0%,77.61
conveyor belt system,0,279,0%,92.8
infeed packaging equipment conveyors,0,277,0%,19.51
automated machinery service,0,277,0%,77.21
high-speed feeders,0,277,0%,85.57
feeder cart,0,276,0%,47.95
custom snack conveyor systems,0,275,0%,82.79
bakery conveyor equipment,0,275,0%,83.24
table conveyor,0,274,0%,26.8
conveyors equipment,0,274,0%,90.78
slugload,0,273,0%,21.42
sandwich cookies manufacturing,0,273,0%,24.93
automatic lane combiners,0,273,0%,54.72
packaging conveyor belt,0,273,0%,70.88
automatic roller conveyor,0,273,0%,79.66
table stacker,0,272,0%,59.36
automated conveyor solutions,0,272,0%,86.73
card feeder,0,270,0%,43.7
baking product conveyor,0,270,0%,53.16
activated roller belt sorter,0,267,0%,24.92
automation machines,0,266,0%,47.95
food automation machine,0,265,0%,9.79
product handling conveyor systems,0,265,0%,44.6
mat top belting,0,265,0%,48.49
food automation and manufacturing,0,265,0%,69.16
mat top chain,0,264,0%,15.41
ibie 2022 software,0,263,0%,61.91
technical benchmarking for product packaging,0,262,0%,45.2
benchmark supplies,0,261,0%,17.83
4 lane diverter,0,261,0%,39.53
verpackungsmaschine cracker,0,261,0%,55.69
machine conveyor,0,261,0%,64.72
high speed product handling,0,260,0%,49.88
automatic cratedestacker,0,259,0%,21.95
food automated packaging line,0,259,0%,34.4
automatic conveyor systems,0,259,0%,67.56
automations line solutions,0,259,0%,81.43
sheeter stacker,0,257,0%,55.53
packaging automation company,0,256,0%,76.45
conveyor machines,0,256,0%,76.7
automatic stacker machine,0,255,0%,38.18
conveyor systems furniture,0,255,0%,71.53
sheeter with stacker,0,253,0%,48.4
vibrating conveyor technology,0,250,0%,53.52
mattop baan,0,249,0%,19
oven infeed conveyors,0,249,0%,30.93
belt mergers,0,247,0%,43.06
tray handling systems,0,247,0%,69.56
product rotation,0,246,0%,34.82
conveyor machine,0,246,0%,50.54
matrix tray loaders,0,245,0%,46.74
slug load,0,244,0%,14.74
automated stacking systems,0,244,0%,24.42
food packaging machine manufacturers,0,244,0%,31.64
long-distance food product conveyor,0,244,0%,43.17
cookies packaging solutions,0,241,0%,26.31
crate conveyor lanes,0,241,0%,33.98
small table top conveyor,0,241,0%,41.25
automated tabletops,0,241,0%,60.97
food packaging conveyors manufacturer,0,240,0%,17.88
food manufacturing equipment suppliers,0,238,0%,30.77
vacuum conveyor baked goods,0,238,0%,36.71
automated infeed cycles,0,238,0%,37.93
industrial packing tables,0,238,0%,56.82
turn conveyor,0,237,0%,37.25
stacker machine,0,237,0%,59.14
automatic rack loader,0,236,0%,66.06
conveying systems & equipment company,0,236,0%,85.93
vibrating conveyor belt manufacturer,0,235,0%,74.91
diverting conveyors,0,235,0%,76.9
lane combiners,0,232,0%,50.22
product rotate,0,230,0%,49.51
meal packaging equipment,0,230,0%,77.49
custom collator service,0,229,0%,7.65
infeed and conveying systems,0,229,0%,18.08
conveying machines supplier,0,228,0%,26.96
high speed lug conveyors,0,228,0%,37.88
infeeder,0,228,0%,46.09
automated turnkey packaging solutions,0,228,0%,86.29
crackers packaging,0,227,0%,41.44
inverted power and free conveyor,0,227,0%,78.73
disk feeder,0,225,0%,8.99
unloading trays automaticly,0,224,0%,76.33
conveyors for packaging,0,222,0%,42.65
autonomous cart,0,222,0%,48.3
bakery tray stacking,0,222,0%,49.69
custom automated feeders,0,221,0%,14.02
infeed conveyor system,0,221,0%,33.33
arb belt,0,221,0%,74.15
automatic cart,0,220,0%,28.83
pharma conveyors,0,219,0%,77.02
benchmarking solutions for packaging,0,218,0%,11.29
in-line automation,0,218,0%,41.04
pack expo 2022,0,218,0%,51.64
tray handling solutions,0,217,0%,76.87
conveyor lanes,0,216,0%,19.06
diverting conveyor,0,216,0%,62.61
tray unloading,0,216,0%,69.05
automated food packaging line manufacturer,0,215,0%,11.4
packaging performance benchmarking,0,215,0%,41.78
tray stacking solutions,0,212,0%,52.18
food processing and packaging equipment,0,211,0%,48.02
packaging benchmarking tools,0,210,0%,12.1
convoyeur table top,0,210,0%,58.37
custom feeder automation,0,209,0%,44.66
automation machinery,0,209,0%,46.27
vibrating conveyor for sale,0,209,0%,56.86
pharmaceutical line conveyors,0,209,0%,66.4
cookies mesh belt factory,0,208,0%,80.6
custom automatic feeders,0,205,0%,32.49
loading solutions,0,205,0%,62.03
commercial distribution conveyors manufacturer,0,204,0%,76.25
vibratory conveyor manufacturer,0,203,0%,88.01
service in-feed conveyor,0,202,0%,49.5
food packaging machineries,0,201,0%,71.42
laner conveyor,0,200,0%,49.87
flowpack machine feeding and distribution system,0,200,0%,66.52
food grade table-top belts,0,199,0%,46.92
large format tray loader,0,199,0%,52.69
tray conveyor,0,199,0%,65.77
auto conveyor,0,199,0%,73.68
packaging for crackers,0,198,0%,29.8
manufacturer of pneumatic food conveyors,0,198,0%,45.72
meal packaging system,0,198,0%,67.56
packaging machinery automation,0,198,0%,79.43
angled roller conveyor,0,198,0%,81.81
manufacturer of long-distance food product conveyors,0,197,0%,49.05
automatic food packaging machine,0,197,0%,51.08
dry food packaging equipment,0,197,0%,56.28
automated cells & equipment inc,0,197,0%,57.66
packaging equipment sales,0,197,0%,66.66
robotic tray loading,0,196,0%,66.3
food packaging automation systems,0,195,0%,13.81
pack conveyor,0,195,0%,52.88
custom high performance conveyors,0,195,0%,67.41
continuous motion tray wrappers,0,195,0%,68.13
vibratory conveying,0,195,0%,71.37
precision vibrating conveyor,0,194,0%,56.76
automation system after baking,0,194,0%,67.43
bakery conveying,0,194,0%,71.27
cookie packaging solutions,0,193,0%,17.69
automation packaging inc,0,193,0%,52.44
cracker manufacturer,0,192,0%,34.35
cracker transport,0,192,0%,79.74
feeders and feeders to cart mechanics,0,191,0%,4.47
conveyor table top chain,0,190,0%,14.42
performancetest-automatisierung,0,190,0%,59.43
cartoner machines,0,190,0%,74.44
conveyor vibrator,0,190,0%,74.77
food automation companies,0,189,0%,14.94
rotating devices,0,189,0%,37.08
pack conveyors market,0,189,0%,82.4
food machine automation,0,188,0%,11.49
automated cartoners,0,188,0%,62.07
auto conveyor line manufacturer,0,188,0%,74.41
bar automation,0,187,0%,39.97
horizontal vibrating conveyor,0,187,0%,86.46
sandwich cutting production line solution,0,186,0%,56.67
serpentine conveyors,0,186,0%,80.97
automatic loading machine,0,185,0%,19.48
ac carts,0,185,0%,26.77
packaging devices,0,185,0%,45.11
vibrating conveyor belt supplier,0,185,0%,68.28
food processing automation,0,185,0%,83.19
automation equipment distributor,0,184,0%,80.71
intralox conveyor,0,183,0%,64.98
conveyor counter system,0,183,0%,73.7
test kit kitting,0,183,0%,77.54
ibie 2022 dates,0,182,0%,57.71
retort room,0,182,0%,59.66
highspeed chain conveyor,0,182,0%,66.64
automation baking goods process,0,182,0%,89.22
automates stackers,0,181,0%,59.14
single strand conveyor solution,0,181,0%,64.59
cookies auto rolling boxes,0,180,0%,43.38
infeed machine,0,179,0%,12.77
tray handling automated conveyor systems,0,179,0%,31.75
chicaning,0,178,0%,17.89
automation systems: conveyor,0,178,0%,39.14
high-speed conveyor systems,0,178,0%,40.95
belt's distribution services,0,178,0%,62.87
automatic conveyor market,0,176,0%,161.47
promach statham ga,0,175,0%,13.17
trayunloader pallets,0,175,0%,16.79
benchmark carbide,0,175,0%,60.09
produce packaging equipment,0,175,0%,72.93
case conveyor,0,175,0%,86.74
kleenline,0,174,0%,28.39
video stacker,0,174,0%,36.17
benchmark preview services,0,174,0%,42.45
test kits kitting,0,174,0%,48.44
automation equipment systems distributor,0,174,0%,53.1
benchmarking packaging solutions,0,173,0%,2.46
product infeed,0,173,0%,12.8
package conveyors,0,173,0%,81.18
automatic tray unloader manufacturers,0,172,0%,4.4
dustin browning,0,172,0%,6.74
automated stacking station,0,172,0%,29.78
manufacturing line food packaging equipment,0,172,0%,37.01
board pack automation,0,172,0%,68.77
conveying machine for food products,0,171,0%,21.85
tray stacking automated conveyor systems,0,171,0%,22.19
automotion net,0,171,0%,53.65
automated packaging machinery for manufacturers,0,171,0%,59.49
food packaging equipment suppliers,0,171,0%,70.27
conveyor system solutions,0,171,0%,92.9
feeders for production lines,0,170,0%,66.85
automation loader,0,169,0%,36.34
biscuits packaging line,0,168,0%,66.83
automation machine loading,0,168,0%,81.26
tray handling machines,0,167,0%,55.29
packaging equipment manufacturer for baked goods production,0,166,0%,56.24
automated cells & equipment,0,166,0%,60
produce packaging automation,0,164,0%,35.97
pack expo chicago 2023,0,164,0%,43.91
plastic food conveyors,0,164,0%,61.58
case turning conveyor,0,164,0%,64.1
conveyor systems chicago,0,164,0%,79.15
vibrating belt conveyor,0,163,0%,81.91
collating machine advantages,0,163,0%,83.5
cookies packaging machine,0,162,0%,13.33
disc feeder machine,0,162,0%,21.93
custom tray automation,0,162,0%,64.17
food service conveyor belts,0,162,0%,90.83
manufacturing benchmarks,0,162,0%,91.11
stacker,0,162,0%,94.17
handling solutions for food products,0,161,0%,47.8
automated loading equipment,0,159,0%,78.36
mattop conveyors,0,158,0%,20.12
automatic collator,0,158,0%,25.61
packaging equipment for food,0,158,0%,36.89
tubular vibrating conveyor,0,158,0%,82.28
two-lane conveyor,0,156,0%,10.4
pro mach,0,156,0%,17.9
intext:leading machinery provider inurl:.php? 16,0,155,0%,6.95
vibratory grading solutions,0,155,0%,34.06
packaging automation machine,0,155,0%,77.51
cookies mesh belt manufacturer,0,155,0%,83.75
supply counter stacker machine,0,154,0%,4.84
channeling tools,0,154,0%,28.95
carton turning conveyor,0,154,0%,70.36
food production automation,0,154,0%,75.56
packaging capabilities,0,154,0%,77.43
conveyor integrator,0,154,0%,98.59
food processing equipment manufacturer,0,153,0%,67.93
robotic product loaders,0,153,0%,68.97
benchmark marking system,0,153,0%,89.32
packaging mesh,0,152,0%,85.96
loading machine,0,151,0%,16.3
food packaging machinery market,0,151,0%,60.18
table packaging,0,151,0%,64.87
tray handlers,0,151,0%,72.81
food processing machinery company,0,150,0%,35.99
pack expo chicago illinois,0,149,0%,34.93
lane switch conveyors,0,149,0%,45.21
food conveyors systems,0,149,0%,66.95
vibrating conveyor belt factory,0,149,0%,68.71
food packaging system,0,149,0%,87.19
net packaging,0,149,0%,91.25
product rotation conveyor,0,148,0%,18.16
ingredient handling equipment manufacturers,0,147,0%,55.46
food industry conveyor systems,0,147,0%,85.88
food packaging equipment manufacturers,0,146,0%,22.29
baked goods conveyor belt systems,0,146,0%,36.2
machine stacker,0,146,0%,41.34
matrix tray unloaders,0,146,0%,42.82
conveying solutions,0,146,0%,50.21
custom automated packaging solutions,0,146,0%,67.34
stacking conveyor market,0,146,0%,76.97
food grade vibratory conveyors,0,146,0%,79.12
packaging equipment machinery,0,146,0%,87.49
cracker making machine,0,144,0%,58.86
baked goods conveyor belt,0,144,0%,67.35
shuttle pack machine,0,144,0%,68.3
automated food packaging systems,0,143,0%,79.1
cookies & crackers,0,143,0%,79.73
conveyors for distribution automation,0,142,0%,20.63
benchmark llc,0,142,0%,30.57
crackers production lines,0,142,0%,45.06
benchmark popcorn machine,0,142,0%,53.99
how do i find trusted automation solutions for food packaging lines?,0,141,0%,3.37
packaged product conveying system,0,141,0%,6.08
automated food processing equipment,0,141,0%,10.91
lane diverting,0,141,0%,62.8
automatic traydestacker,0,141,0%,72.21
bottle orienting machines,0,141,0%,83.55
counter stacker machine customized,0,140,0%,6.51
equipment benchmarking,0,140,0%,39.06
barlelt machine parts,0,140,0%,41.68
machinery food,0,140,0%,43.07
automatic loading system,0,140,0%,90.99
net making machine equipment for superior results,0,139,0%,31.27
high performance food packaging,0,139,0%,72.03
starwheel conveyor,0,138,0%,7.1
bartelt pouch system,0,138,0%,28.83
product merging systems,0,138,0%,29.36
intext:leading automation provider inurl:.php? 29,0,137,0%,2.71
benchmark packaging ltd,0,137,0%,31.52
inflight products,0,137,0%,51.84
stacking equipment,0,137,0%,59.93
product spreader covneyors,0,137,0%,64.99
product lane diverters,0,137,0%,77.25
food processing machinery manufacturers,0,136,0%,18.96
conveyors & equipment,0,136,0%,48.06
packaging line conveyors,0,136,0%,56.17
solutions benchmarking industrial equipment,0,136,0%,62.76
automated snack food conveying solutions,0,136,0%,63.94
custom infeed,0,135,0%,1.02
turnkey conveyor solutions,0,135,0%,84.19
vibrating conveyors market,0,134,0%,47.72
press room automation equipment & systems,0,134,0%,69.92
cereal chain conveyors,0,134,0%,77.38
packaging equipment supplier,0,134,0%,84.66
packaging machine integrator,0,134,0%,85.9
stacking conveyor solutions,0,133,0%,63.76
baked goods conveyor belting,0,133,0%,75.65
automatic conveyors,0,133,0%,81.31
intext:leading equipment provider inurl:.php? 16,0,132,0%,3.62
meal packaging machine,0,132,0%,67.38
automatic packaging devices,0,132,0%,77.3
orientation machine wholesalers,0,131,0%,16.66
conveyor systems minneapolis,0,131,0%,57.63
automated commercial packaging line,0,131,0%,67.4
rotating conveyors,0,131,0%,74
pocket sheeter,0,130,0%,47.96
automatic belt conveyor,0,130,0%,54.1
automated rollers,0,130,0%,70.76
fast loading systems,0,130,0%,74.98
individual cookie packaging machine,0,129,0%,19.4
benchmark protech,0,129,0%,25.92
trayunloader crates,0,129,0%,42.64
bakery custom conveyors,0,129,0%,67.22
counter stacker supply,0,128,0%,6.91
slug release conveyor,0,128,0%,32.2
carton feeding machines,0,127,0%,30.31
conveying and packaging company inc,0,127,0%,32.71
verpackungsmaschine cookies,0,127,0%,55.87
food packaging machine supplier,0,127,0%,64.85
cereal conveyor systems,0,127,0%,67.83
automated belt conveyor systems,0,127,0%,83.52
mat chain conveyor,0,126,0%,2.63
benchmark customer service,0,126,0%,38.76
packs conveyor,0,126,0%,64.34
automatic washing systems for food conveyors,0,126,0%,65.27
benchmark site web,0,126,0%,65.6
package automation,0,126,0%,85.7
turnkey packaging systems,0,126,0%,91.12
brand automation,0,125,0%,79.05
tray conveyor system,0,125,0%,81.01
conveyor table top,0,124,0%,34.95
food manufacturing packaging equipment,0,124,0%,57.35
corrugated box integrated belting system,0,124,0%,60.74
packaging machinery and equipment,0,124,0%,80.55
benchmark press release,0,123,0%,13.83
machinery: conveying,0,123,0%,50.92
intext:machinery solutions inurl:.php? 29,0,122,0%,8.57
product orienting,0,122,0%,9.84
feed lines systems distributor,0,122,0%,38.78
conveyor top,0,122,0%,61.7
wine trade automation,0,122,0%,73.47
bakery automation equipment,0,122,0%,86.1
intext:leading machinery provider inurl:.php? 29,0,121,0%,1.83
oem tray unloader,0,121,0%,50.2
jedec tray unloader,0,121,0%,64.34
food packaging conveyor belts,0,121,0%,65.8
conveyors and equipment,0,121,0%,73.25
production automation company,0,121,0%,77.05
packaging and machinery solutions,0,121,0%,84.1
custom packaging automation,0,121,0%,85.11
benchmark tool and machine,0,120,0%,31.99
boardhandling,0,120,0%,48.23
soup packaging equipment,0,120,0%,69.35
packaging line automatic system,0,120,0%,76.83
las vegas trade shows october 2025,0,119,0%,66.42
counter stacker customized,0,118,0%,8.47
chicaning conveyor factory,0,118,0%,24.43
stacking systems,0,118,0%,40.56
pizza production conveyor line,0,118,0%,43.9
packaging conveyor manufacturers,0,118,0%,61.34
gentle product handling,0,118,0%,62.95
ibie las vegas 2022,0,118,0%,71.35
preroll tray loading machines,0,118,0%,75.03
parts for bartelt machine,0,117,0%,45.77
when is pack expo,0,117,0%,50.19
high-speed packaging solutions,0,117,0%,67.7
conveyor belt automation,0,117,0%,76.68
conveying systems equipment company,0,117,0%,81.5
counter stacker machine company,0,116,0%,7.34
carton feeder,0,116,0%,23.2
ibie 2022,0,116,0%,67.84
automation equipment systems supplier,0,116,0%,71.38
indexing conveyor systems,0,116,0%,80.86
cookie tray loader,0,115,0%,14.51
food machinery supplier,0,115,0%,26.87
automated packaging equipment for food,0,115,0%,30.69
wheel star,0,115,0%,33.59
bartelt pouch machine,0,115,0%,53.37
automatic loading,0,115,0%,87.02
benchmark product,0,114,0%,45.43
packaging work table,0,114,0%,71.81
wheel systems,0,114,0%,73.27
vibration conveyor,0,114,0%,75.18
conveyor vibrating,0,114,0%,93.48
table top chain manufacturers,0,113,0%,40.25
packaging machine belts,0,113,0%,67.21
auto packaging,0,113,0%,67.4
horizontal stacking,0,113,0%,83.98
counter stacker factory,0,112,0%,7.54
loading systems distributører,0,112,0%,64.46
wheel divert,0,112,0%,72.65
automatic feeding cart,0,111,0%,15.04
benchmark company,0,111,0%,15.07
infeed systemen,0,111,0%,19.37
product feeder,0,111,0%,28.43
food packaging machinery companies,0,111,0%,50.38
equipment manufacturer for cookie production,0,111,0%,53.77
high-speed food packaging,0,111,0%,57.37
cookie line manufacturer,0,111,0%,61.95
packaging automation services,0,111,0%,74.99
bakery packaging machine supplier,0,111,0%,77.63
packaging equipments,0,111,0%,93.49
rotating product,0,110,0%,43.21
productive automated systems corporation,0,110,0%,45.81
automatic cartoning machine,0,110,0%,49.42
packaging machinery manufacturers usa,0,110,0%,57.56
package automation company,0,110,0%,62.17
industrial food packaging equipment,0,110,0%,66.72
packaging equipment services for fulfillment centers,0,110,0%,72.9
snack belting solutions,0,110,0%,76.15
vibratory conveyors manufacturers,0,109,0%,85.39
bartelt horizontal filler,0,108,0%,50.36
custom automation for packaging,0,108,0%,72.99
package conveyor belt solutions,0,108,0%,75.33
conveyor automation company,0,108,0%,78.81
conveyor automation integrator,0,108,0%,91.06
rotateproduct,0,107,0%,28.01
product merge conveyors,0,107,0%,29.44
arb intralox,0,107,0%,57.93
conveyor & automation technologies,0,107,0%,83.19
tabular chain conveyor manufacturers,0,106,0%,30.95
cracker throughput,0,106,0%,34.78
tabletop conveyor belt,0,106,0%,35.91
bartelt machine,0,106,0%,36.75
benchmark group,0,106,0%,48.27
loading machines,0,106,0%,52.25
food product conveyors,0,106,0%,56.59
conveying system automation,0,106,0%,80.59
premium packaging automation,0,106,0%,83.87
product loading machines,0,105,0%,9.68
distribution conveyor systems,0,105,0%,38.44
tabular chain conveyor suppliers,0,105,0%,39.9
rotate solutions,0,105,0%,66.1
intext:machinery solutions inurl:.php? 7,0,104,0%,9.25
automotion conveyor parts,0,104,0%,39.62
packaging equipment distributor,0,104,0%,55.85
commercial food packaging equipment,0,104,0%,69.45
distribution conveyors for package handling,0,104,0%,76.77
turner orientation,0,103,0%,8.38
commercial cracker equipment,0,103,0%,61.76
strip belt sorter,0,103,0%,83.3
ac feeder,0,102,0%,10
benchmark bakery,0,102,0%,15.62
conveyor infeed,0,102,0%,61.18
shuttle packaging machine,0,102,0%,64.55
frozen food packaging equipment,0,102,0%,87.76
food production line equipment,0,101,0%,36.81
packing belt conveyor,0,101,0%,39.59
lane conveyors,0,101,0%,43.71
the pack expo,0,101,0%,49.21
packaging machine distributor,0,101,0%,66.23
4-post shuttle table press,0,101,0%,82.92
benchmark-corp,0,100,0%,14.2
benchmark vacatures,0,100,0%,39.01
cracker manufacturing,0,100,0%,50.02
cracker production line,0,100,0%,61.17
auto cartoner,0,100,0%,61.47
infeed belt conveyor,0,100,0%,81.79
centering device,0,99,0%,47.35
automation food,0,99,0%,51.86
automated cart solutions,0,99,0%,59.11
cookie automatic rolling box,0,99,0%,70.36
food automation supplier,0,98,0%,5.92
benchmark companies,0,98,0%,37.82
equipment tray,0,98,0%,57.6
machinery: automated,0,98,0%,60.01
product equipment,0,98,0%,60.26
snack food belting solutions,0,98,0%,78.01
food production automated equipment,0,97,0%,29.56
loading conveyors,0,97,0%,64.36
bars loaders,0,97,0%,66.97
feed packaging machine,0,97,0%,77.45
automation systems & equipment,0,97,0%,86.72
benchmark address,0,96,0%,16.51
promachbuilt,0,96,0%,24.74
reversing belt conveyor,0,96,0%,35.35
stacker examples,0,96,0%,40.92
roller solutions,0,96,0%,62.72
"commercial cookie, cracker & biscuit equipment",0,96,0%,63.54
snack food conveying systems,0,96,0%,69.72
product inversion automation,0,95,0%,2.84
benchmark distribution ltd,0,95,0%,16.48
shrink-wrappers with single lane,0,95,0%,61.96
promach logo,0,94,0%,13.17
food machine manufacturers,0,94,0%,22.99
infeed systems bellingham ma,0,94,0%,25.12
table feeder,0,94,0%,56.13
channeling,0,94,0%,94.56
packaging conveyor manufacturer,0,93,0%,34.67
packaging automation companies,0,93,0%,53.86
benchmark media,0,93,0%,53.87
food bagging equipment,0,93,0%,61.63
precision manufactured parts for food and beverage,0,93,0%,70.74
pacing conveyors,0,93,0%,79.24
combining conveyor,0,93,0%,79.47
benchmarking solutions for publishers,0,93,0%,87.12
slug ejectors,0,93,0%,88.71